date_time,series,value
2023-06-13 11:26:47,spec2,1033
2023-06-13 11:26:47,spec19,1043
2023-06-13 11:26:47,spec20,1045
2023-06-13 11:26:47,spec21,1046
2023-06-13 11:26:47,spec22,1046
2023-06-13 11:26:47,spec23,1046
2023-06-13 11:26:47,spec24,1045
2023-06-13 11:26:47,spec25,1041
2023-06-13 11:26:47,spec18,1038
2023-06-13 11:26:47,spec10,1025
2023-06-13 11:26:47,spec1,1036
2023-06-13 11:26:47,spec3,1031
2023-06-13 11:26:47,spec4,1030
2023-06-13 11:26:47,spec5,1029
2023-06-13 11:26:47,spec6,1027
2023-06-13 11:26:47,spec7,1026
2023-06-13 11:26:47,spec8,1026
2023-06-13 11:26:47,spec9,1026
2023-06-13 11:26:47,spec11,1024
2023-06-13 11:26:47,spec12,1024
2023-06-13 11:26:47,spec13,1026
2023-06-13 11:26:47,spec14,1027
2023-06-13 11:26:47,spec15,1029
2023-06-13 11:26:47,spec16,1031
2023-06-13 11:26:47,spec17,1034
2023-06-13 11:28:38,spec14,1032
2023-06-13 11:28:38,spec1,1036
2023-06-13 11:28:38,spec2,1035
2023-06-13 11:28:38,spec3,1035
2023-06-13 11:28:38,spec4,1033
2023-06-13 11:28:38,spec5,1031
2023-06-13 11:28:38,spec6,1030
2023-06-13 11:28:38,spec7,1029
2023-06-13 11:28:38,spec8,1028
2023-06-13 11:28:38,spec9,1028
2023-06-13 11:28:38,spec10,1026
2023-06-13 11:28:38,spec11,1026
2023-06-13 11:28:38,spec12,1027
2023-06-13 11:28:38,spec13,1030
2023-06-13 11:28:38,spec15,1034
2023-06-13 11:28:38,spec16,1036
2023-06-13 11:28:38,spec17,1039
2023-06-13 11:28:38,spec18,1041
2023-06-13 11:28:38,spec19,1045
2023-06-13 11:28:38,spec20,1048
2023-06-13 11:28:38,spec21,1051
2023-06-13 11:28:38,spec22,1052
2023-06-13 11:28:38,spec23,1050
2023-06-13 11:28:38,spec24,1047
2023-06-13 11:28:38,spec25,1043
2023-06-13 11:30:30,spec14,1037
2023-06-13 11:30:30,spec25,1054
2023-06-13 11:30:30,spec24,1057
2023-06-13 11:30:30,spec23,1059
2023-06-13 11:30:30,spec22,1061
2023-06-13 11:30:30,spec21,1060
2023-06-13 11:30:30,spec20,1058
2023-06-13 11:30:30,spec19,1055
2023-06-13 11:30:30,spec18,1052
2023-06-13 11:30:30,spec17,1049
2023-06-13 11:30:30,spec16,1045
2023-06-13 11:30:30,spec15,1041
2023-06-13 11:30:30,spec13,1035
2023-06-13 11:30:30,spec12,1035
2023-06-13 11:30:30,spec11,1035
2023-06-13 11:30:30,spec10,1035
2023-06-13 11:30:30,spec9,1035
2023-06-13 11:30:30,spec8,1036
2023-06-13 11:30:30,spec7,1037
2023-06-13 11:30:30,spec6,1039
2023-06-13 11:30:30,spec5,1041
2023-06-13 11:30:30,spec4,1042
2023-06-13 11:30:30,spec3,1043
2023-06-13 11:30:30,spec2,1045
2023-06-13 11:30:30,spec1,1047
2023-06-13 11:32:22,spec18,1050
2023-06-13 11:32:22,spec19,1052
2023-06-13 11:32:22,spec20,1055
2023-06-13 11:32:22,spec21,1059
2023-06-13 11:32:22,spec22,1060
2023-06-13 11:32:22,spec23,1059
2023-06-13 11:32:22,spec24,1056
2023-06-13 11:32:22,spec25,1052
2023-06-13 11:32:22,spec17,1048
2023-06-13 11:32:22,spec9,1037
2023-06-13 11:32:22,spec1,1046
2023-06-13 11:32:22,spec2,1042
2023-06-13 11:32:22,spec3,1040
2023-06-13 11:32:22,spec4,1040
2023-06-13 11:32:22,spec5,1041
2023-06-13 11:32:22,spec6,1039
2023-06-13 11:32:22,spec7,1036
2023-06-13 11:32:22,spec8,1036
2023-06-13 11:32:22,spec10,1037
2023-06-13 11:32:22,spec11,1037
2023-06-13 11:32:22,spec12,1037
2023-06-13 11:32:22,spec13,1038
2023-06-13 11:32:22,spec14,1039
2023-06-13 11:32:22,spec15,1041
2023-06-13 11:32:22,spec16,1044
2023-06-13 11:34:13,spec25,1052
2023-06-13 11:34:13,spec17,1047
2023-06-13 11:34:13,spec18,1050
2023-06-13 11:34:13,spec19,1053
2023-06-13 11:34:13,spec20,1056
2023-06-13 11:34:13,spec21,1059
2023-06-13 11:34:13,spec22,1060
2023-06-13 11:34:13,spec23,1059
2023-06-13 11:34:13,spec24,1055
2023-06-13 11:34:13,spec16,1044
2023-06-13 11:34:13,spec15,1041
2023-06-13 11:34:13,spec14,1038
2023-06-13 11:34:13,spec13,1036
2023-06-13 11:34:13,spec12,1035
2023-06-13 11:34:13,spec11,1034
2023-06-13 11:34:13,spec10,1035
2023-06-13 11:34:13,spec9,1035
2023-06-13 11:34:13,spec8,1035
2023-06-13 11:34:13,spec7,1036
2023-06-13 11:34:13,spec6,1037
2023-06-13 11:34:13,spec5,1038
2023-06-13 11:34:13,spec4,1040
2023-06-13 11:34:13,spec3,1042
2023-06-13 11:34:13,spec2,1044
2023-06-13 11:34:13,spec1,1046
2023-06-13 11:36:05,spec11,1037
2023-06-13 11:36:05,spec21,1059
2023-06-13 11:36:05,spec20,1057
2023-06-13 11:36:05,spec19,1054
2023-06-13 11:36:05,spec18,1050
2023-06-13 11:36:05,spec17,1046
2023-06-13 11:36:05,spec16,1042
2023-06-13 11:36:05,spec15,1039
2023-06-13 11:36:05,spec14,1038
2023-06-13 11:36:05,spec13,1037
2023-06-13 11:36:05,spec12,1037
2023-06-13 11:36:05,spec22,1060
2023-06-13 11:36:05,spec10,1037
2023-06-13 11:36:05,spec9,1036
2023-06-13 11:36:05,spec8,1036
2023-06-13 11:36:05,spec7,1036
2023-06-13 11:36:05,spec6,1038
2023-06-13 11:36:05,spec5,1040
2023-06-13 11:36:05,spec4,1041
2023-06-13 11:36:05,spec3,1042
2023-06-13 11:36:05,spec2,1043
2023-06-13 11:36:05,spec1,1045
2023-06-13 11:36:05,spec25,1054
2023-06-13 11:36:05,spec24,1058
2023-06-13 11:36:05,spec23,1060
2023-06-13 11:37:57,spec18,1052
2023-06-13 11:37:57,spec19,1056
2023-06-13 11:37:57,spec20,1058
2023-06-13 11:37:57,spec21,1059
2023-06-13 11:37:57,spec22,1059
2023-06-13 11:37:57,spec23,1059
2023-06-13 11:37:57,spec24,1058
2023-06-13 11:37:57,spec25,1054
2023-06-13 11:37:57,spec17,1049
2023-06-13 11:37:57,spec9,1036
2023-06-13 11:37:57,spec1,1045
2023-06-13 11:37:57,spec2,1043
2023-06-13 11:37:57,spec3,1042
2023-06-13 11:37:57,spec4,1040
2023-06-13 11:37:57,spec5,1039
2023-06-13 11:37:57,spec6,1038
2023-06-13 11:37:57,spec7,1037
2023-06-13 11:37:57,spec8,1036
2023-06-13 11:37:57,spec10,1036
2023-06-13 11:37:57,spec11,1036
2023-06-13 11:37:57,spec12,1036
2023-06-13 11:37:57,spec13,1037
2023-06-13 11:37:57,spec14,1040
2023-06-13 11:37:57,spec15,1043
2023-06-13 11:37:57,spec16,1046
2023-06-13 11:39:48,spec17,1048
2023-06-13 11:39:48,spec18,1051
2023-06-13 11:39:48,spec19,1056
2023-06-13 11:39:48,spec20,1059
2023-06-13 11:39:48,spec21,1060
2023-06-13 11:39:48,spec22,1060
2023-06-13 11:39:48,spec23,1060
2023-06-13 11:39:48,spec24,1057
2023-06-13 11:39:48,spec25,1052
2023-06-13 11:39:48,spec16,1045
2023-06-13 11:39:48,spec15,1043
2023-06-13 11:39:48,spec14,1040
2023-06-13 11:39:48,spec13,1037
2023-06-13 11:39:48,spec12,1035
2023-06-13 11:39:48,spec11,1035
2023-06-13 11:39:48,spec10,1035
2023-06-13 11:39:48,spec9,1036
2023-06-13 11:39:48,spec8,1036
2023-06-13 11:39:48,spec7,1037
2023-06-13 11:39:48,spec6,1038
2023-06-13 11:39:48,spec5,1040
2023-06-13 11:39:48,spec4,1040
2023-06-13 11:39:48,spec3,1041
2023-06-13 11:39:48,spec2,1042
2023-06-13 11:39:48,spec1,1045
2023-06-13 11:41:40,spec16,1044
2023-06-13 11:41:40,spec1,1044
2023-06-13 11:41:40,spec2,1042
2023-06-13 11:41:40,spec3,1041
2023-06-13 11:41:40,spec4,1041
2023-06-13 11:41:40,spec5,1040
2023-06-13 11:41:40,spec6,1038
2023-06-13 11:41:40,spec7,1036
2023-06-13 11:41:40,spec8,1035
2023-06-13 11:41:40,spec9,1035
2023-06-13 11:41:40,spec10,1036
2023-06-13 11:41:40,spec11,1036
2023-06-13 11:41:40,spec12,1037
2023-06-13 11:41:40,spec13,1038
2023-06-13 11:41:40,spec14,1039
2023-06-13 11:41:40,spec15,1042
2023-06-13 11:41:40,spec17,1047
2023-06-13 11:41:40,spec18,1051
2023-06-13 11:41:40,spec19,1055
2023-06-13 11:41:40,spec20,1058
2023-06-13 11:41:40,spec21,1060
2023-06-13 11:41:40,spec22,1060
2023-06-13 11:41:40,spec23,1058
2023-06-13 11:41:40,spec24,1056
2023-06-13 11:41:40,spec25,1053
2023-06-13 11:43:32,spec15,1042
2023-06-13 11:43:32,spec25,1051
2023-06-13 11:43:32,spec24,1055
2023-06-13 11:43:32,spec23,1058
2023-06-13 11:43:32,spec22,1059
2023-06-13 11:43:32,spec21,1059
2023-06-13 11:43:32,spec20,1058
2023-06-13 11:43:32,spec19,1055
2023-06-13 11:43:32,spec18,1052
2023-06-13 11:43:32,spec17,1048
2023-06-13 11:43:32,spec16,1045
2023-06-13 11:43:32,spec14,1039
2023-06-13 11:43:32,spec13,1037
2023-06-13 11:43:32,spec12,1034
2023-06-13 11:43:32,spec11,1033
2023-06-13 11:43:32,spec10,1034
2023-06-13 11:43:32,spec9,1034
2023-06-13 11:43:32,spec8,1034
2023-06-13 11:43:32,spec7,1034
2023-06-13 11:43:32,spec6,1036
2023-06-13 11:43:32,spec5,1038
2023-06-13 11:43:32,spec4,1040
2023-06-13 11:43:32,spec3,1042
2023-06-13 11:43:32,spec2,1044
2023-06-13 11:43:32,spec1,1046
2023-06-13 11:45:23,spec18,1052
2023-06-13 11:45:23,spec19,1053
2023-06-13 11:45:23,spec20,1055
2023-06-13 11:45:23,spec21,1058
2023-06-13 11:45:23,spec22,1060
2023-06-13 11:45:23,spec23,1058
2023-06-13 11:45:23,spec24,1055
2023-06-13 11:45:23,spec25,1051
2023-06-13 11:45:23,spec17,1050
2023-06-13 11:45:23,spec9,1035
2023-06-13 11:45:23,spec1,1043
2023-06-13 11:45:23,spec2,1040
2023-06-13 11:45:23,spec3,1038
2023-06-13 11:45:23,spec4,1038
2023-06-13 11:45:23,spec5,1037
2023-06-13 11:45:23,spec6,1036
2023-06-13 11:45:23,spec7,1035
2023-06-13 11:45:23,spec8,1035
2023-06-13 11:45:23,spec10,1035
2023-06-13 11:45:23,spec11,1036
2023-06-13 11:45:23,spec12,1036
2023-06-13 11:45:23,spec13,1037
2023-06-13 11:45:23,spec14,1039
2023-06-13 11:45:23,spec15,1042
2023-06-13 11:45:23,spec16,1046
2023-06-13 11:47:15,spec21,1058
2023-06-13 11:47:15,spec22,1057
2023-06-13 11:47:15,spec23,1056
2023-06-13 11:47:15,spec24,1054
2023-06-13 11:47:15,spec25,1050
2023-06-13 11:47:15,spec20,1058
2023-06-13 11:47:15,spec10,1035
2023-06-13 11:47:15,spec1,1042
2023-06-13 11:47:15,spec2,1041
2023-06-13 11:47:15,spec3,1039
2023-06-13 11:47:15,spec4,1038
2023-06-13 11:47:15,spec5,1036
2023-06-13 11:47:15,spec6,1035
2023-06-13 11:47:15,spec7,1035
2023-06-13 11:47:15,spec8,1035
2023-06-13 11:47:15,spec9,1035
2023-06-13 11:47:15,spec11,1034
2023-06-13 11:47:15,spec12,1035
2023-06-13 11:47:15,spec13,1038
2023-06-13 11:47:15,spec14,1040
2023-06-13 11:47:15,spec15,1042
2023-06-13 11:47:15,spec16,1044
2023-06-13 11:47:15,spec17,1047
2023-06-13 11:47:15,spec18,1051
2023-06-13 11:47:15,spec19,1055
2023-06-13 11:49:07,spec12,1033
2023-06-13 11:49:07,spec23,1056
2023-06-13 11:49:07,spec22,1058
2023-06-13 11:49:07,spec21,1057
2023-06-13 11:49:07,spec20,1054
2023-06-13 11:49:07,spec19,1052
2023-06-13 11:49:07,spec18,1050
2023-06-13 11:49:07,spec17,1047
2023-06-13 11:49:07,spec16,1043
2023-06-13 11:49:07,spec15,1039
2023-06-13 11:49:07,spec14,1036
2023-06-13 11:49:07,spec13,1034
2023-06-13 11:49:07,spec24,1052
2023-06-13 11:49:07,spec11,1032
2023-06-13 11:49:07,spec10,1033
2023-06-13 11:49:07,spec9,1033
2023-06-13 11:49:07,spec8,1033
2023-06-13 11:49:07,spec7,1033
2023-06-13 11:49:07,spec6,1034
2023-06-13 11:49:07,spec5,1036
2023-06-13 11:49:07,spec4,1038
2023-06-13 11:49:07,spec3,1040
2023-06-13 11:49:07,spec2,1041
2023-06-13 11:49:07,spec1,1041
2023-06-13 11:49:07,spec25,1048
2023-06-13 11:50:58,spec18,1048
2023-06-13 11:50:58,spec19,1050
2023-06-13 11:50:58,spec20,1053
2023-06-13 11:50:58,spec21,1054
2023-06-13 11:50:58,spec22,1055
2023-06-13 11:50:58,spec23,1054
2023-06-13 11:50:58,spec24,1051
2023-06-13 11:50:58,spec25,1047
2023-06-13 11:50:58,spec17,1045
2023-06-13 11:50:58,spec9,1031
2023-06-13 11:50:58,spec1,1040
2023-06-13 11:50:58,spec2,1039
2023-06-13 11:50:58,spec3,1038
2023-06-13 11:50:58,spec4,1036
2023-06-13 11:50:58,spec5,1035
2023-06-13 11:50:58,spec6,1033
2023-06-13 11:50:58,spec7,1032
2023-06-13 11:50:58,spec8,1031
2023-06-13 11:50:58,spec10,1032
2023-06-13 11:50:58,spec11,1033
2023-06-13 11:50:58,spec12,1034
2023-06-13 11:50:58,spec13,1034
2023-06-13 11:50:58,spec14,1036
2023-06-13 11:50:58,spec15,1039
2023-06-13 11:50:58,spec16,1042
2023-06-13 11:52:50,spec16,1040
2023-06-13 11:52:50,spec1,1039
2023-06-13 11:52:50,spec2,1037
2023-06-13 11:52:50,spec3,1036
2023-06-13 11:52:50,spec4,1034
2023-06-13 11:52:50,spec5,1032
2023-06-13 11:52:50,spec6,1032
2023-06-13 11:52:50,spec7,1032
2023-06-13 11:52:50,spec8,1030
2023-06-13 11:52:50,spec9,1029
2023-06-13 11:52:50,spec10,1030
2023-06-13 11:52:50,spec11,1032
2023-06-13 11:52:50,spec12,1033
2023-06-13 11:52:50,spec13,1033
2023-06-13 11:52:50,spec14,1034
2023-06-13 11:52:50,spec15,1037
2023-06-13 11:52:50,spec17,1044
2023-06-13 11:52:50,spec18,1047
2023-06-13 11:52:50,spec19,1050
2023-06-13 11:52:50,spec20,1053
2023-06-13 11:52:50,spec21,1054
2023-06-13 11:52:50,spec22,1055
2023-06-13 11:52:50,spec23,1054
2023-06-13 11:52:50,spec24,1051
2023-06-13 11:52:50,spec25,1046
2023-06-13 11:54:42,spec9,1030
2023-06-13 11:54:42,spec17,1043
2023-06-13 11:54:42,spec16,1040
2023-06-13 11:54:42,spec15,1037
2023-06-13 11:54:42,spec14,1035
2023-06-13 11:54:42,spec13,1032
2023-06-13 11:54:42,spec12,1031
2023-06-13 11:54:42,spec11,1030
2023-06-13 11:54:42,spec10,1030
2023-06-13 11:54:42,spec18,1047
2023-06-13 11:54:42,spec8,1030
2023-06-13 11:54:42,spec7,1031
2023-06-13 11:54:42,spec6,1031
2023-06-13 11:54:42,spec5,1031
2023-06-13 11:54:42,spec4,1033
2023-06-13 11:54:42,spec3,1035
2023-06-13 11:54:42,spec2,1037
2023-06-13 11:54:42,spec1,1038
2023-06-13 11:54:42,spec25,1045
2023-06-13 11:54:42,spec24,1049
2023-06-13 11:54:42,spec23,1052
2023-06-13 11:54:42,spec22,1054
2023-06-13 11:54:42,spec21,1055
2023-06-13 11:54:42,spec20,1054
2023-06-13 11:54:42,spec19,1051
2023-06-13 11:56:33,spec16,1038
2023-06-13 11:56:33,spec25,1042
2023-06-13 11:56:33,spec24,1047
2023-06-13 11:56:33,spec23,1050
2023-06-13 11:56:33,spec22,1052
2023-06-13 11:56:33,spec21,1052
2023-06-13 11:56:33,spec20,1049
2023-06-13 11:56:33,spec19,1047
2023-06-13 11:56:33,spec18,1045
2023-06-13 11:56:33,spec17,1042
2023-06-13 11:56:33,spec15,1035
2023-06-13 11:56:33,spec14,1033
2023-06-13 11:56:33,spec13,1031
2023-06-13 11:56:33,spec12,1029
2023-06-13 11:56:33,spec11,1028
2023-06-13 11:56:33,spec10,1027
2023-06-13 11:56:33,spec9,1027
2023-06-13 11:56:33,spec8,1028
2023-06-13 11:56:33,spec7,1029
2023-06-13 11:56:33,spec6,1029
2023-06-13 11:56:33,spec5,1030
2023-06-13 11:56:33,spec4,1032
2023-06-13 11:56:33,spec3,1034
2023-06-13 11:56:33,spec2,1035
2023-06-13 11:56:33,spec1,1036
2023-06-13 11:58:25,spec18,1045
2023-06-13 11:58:25,spec19,1048
2023-06-13 11:58:25,spec20,1050
2023-06-13 11:58:25,spec21,1051
2023-06-13 11:58:25,spec22,1051
2023-06-13 11:58:25,spec23,1049
2023-06-13 11:58:25,spec24,1045
2023-06-13 11:58:25,spec25,1041
2023-06-13 11:58:25,spec17,1042
2023-06-13 11:58:25,spec9,1026
2023-06-13 11:58:25,spec1,1036
2023-06-13 11:58:25,spec2,1032
2023-06-13 11:58:25,spec3,1030
2023-06-13 11:58:25,spec4,1029
2023-06-13 11:58:25,spec5,1029
2023-06-13 11:58:25,spec6,1029
2023-06-13 11:58:25,spec7,1028
2023-06-13 11:58:25,spec8,1027
2023-06-13 11:58:25,spec10,1026
2023-06-13 11:58:25,spec11,1027
2023-06-13 11:58:25,spec12,1028
2023-06-13 11:58:25,spec13,1029
2023-06-13 11:58:25,spec14,1031
2023-06-13 11:58:25,spec15,1034
2023-06-13 11:58:25,spec16,1038
2023-06-13 12:00:17,spec25,1040
2023-06-13 12:00:17,spec24,1045
2023-06-13 12:00:17,spec12,1026
2023-06-13 12:00:17,spec1,1032
2023-06-13 12:00:17,spec2,1031
2023-06-13 12:00:17,spec3,1030
2023-06-13 12:00:17,spec4,1028
2023-06-13 12:00:17,spec5,1026
2023-06-13 12:00:17,spec6,1025
2023-06-13 12:00:17,spec7,1026
2023-06-13 12:00:17,spec8,1025
2023-06-13 12:00:17,spec9,1025
2023-06-13 12:00:17,spec10,1025
2023-06-13 12:00:17,spec11,1026
2023-06-13 12:00:17,spec13,1028
2023-06-13 12:00:17,spec14,1030
2023-06-13 12:00:17,spec15,1033
2023-06-13 12:00:17,spec16,1037
2023-06-13 12:00:17,spec17,1041
2023-06-13 12:00:17,spec18,1044
2023-06-13 12:00:17,spec19,1046
2023-06-13 12:00:17,spec20,1047
2023-06-13 12:00:17,spec21,1049
2023-06-13 12:00:17,spec22,1049
2023-06-13 12:00:17,spec23,1048
2023-06-13 12:02:08,spec13,1027
2023-06-13 12:02:08,spec25,1037
2023-06-13 12:02:08,spec24,1041
2023-06-13 12:02:08,spec23,1045
2023-06-13 12:02:08,spec22,1047
2023-06-13 12:02:08,spec21,1047
2023-06-13 12:02:08,spec20,1046
2023-06-13 12:02:08,spec19,1044
2023-06-13 12:02:08,spec18,1042
2023-06-13 12:02:08,spec17,1039
2023-06-13 12:02:08,spec16,1036
2023-06-13 12:02:08,spec15,1032
2023-06-13 12:02:08,spec14,1029
2023-06-13 12:02:08,spec12,1026
2023-06-13 12:02:08,spec11,1026
2023-06-13 12:02:08,spec10,1026
2023-06-13 12:02:08,spec9,1025
2023-06-13 12:02:08,spec8,1024
2023-06-13 12:02:08,spec7,1024
2023-06-13 12:02:08,spec6,1024
2023-06-13 12:02:08,spec5,1025
2023-06-13 12:02:08,spec4,1026
2023-06-13 12:02:08,spec3,1027
2023-06-13 12:02:08,spec2,1028
2023-06-13 12:02:08,spec1,1030
2023-06-13 12:04:00,spec18,1040
2023-06-13 12:04:00,spec19,1043
2023-06-13 12:04:00,spec20,1046
2023-06-13 12:04:00,spec21,1047
2023-06-13 12:04:00,spec22,1046
2023-06-13 12:04:00,spec23,1043
2023-06-13 12:04:00,spec24,1040
2023-06-13 12:04:00,spec25,1035
2023-06-13 12:04:00,spec17,1037
2023-06-13 12:04:00,spec9,1023
2023-06-13 12:04:00,spec1,1029
2023-06-13 12:04:00,spec2,1027
2023-06-13 12:04:00,spec3,1026
2023-06-13 12:04:00,spec4,1025
2023-06-13 12:04:00,spec5,1024
2023-06-13 12:04:00,spec6,1023
2023-06-13 12:04:00,spec7,1022
2023-06-13 12:04:00,spec8,1022
2023-06-13 12:04:00,spec10,1023
2023-06-13 12:04:00,spec11,1023
2023-06-13 12:04:00,spec12,1024
2023-06-13 12:04:00,spec13,1027
2023-06-13 12:04:00,spec14,1029
2023-06-13 12:04:00,spec15,1032
2023-06-13 12:04:00,spec16,1034
2023-06-13 12:05:52,spec12,1023
2023-06-13 12:05:52,spec23,1043
2023-06-13 12:05:52,spec22,1045
2023-06-13 12:05:52,spec21,1045
2023-06-13 12:05:52,spec20,1043
2023-06-13 12:05:52,spec19,1041
2023-06-13 12:05:52,spec18,1039
2023-06-13 12:05:52,spec17,1037
2023-06-13 12:05:52,spec16,1034
2023-06-13 12:05:52,spec15,1031
2023-06-13 12:05:52,spec14,1028
2023-06-13 12:05:52,spec13,1025
2023-06-13 12:05:52,spec24,1039
2023-06-13 12:05:52,spec11,1022
2023-06-13 12:05:52,spec10,1021
2023-06-13 12:05:52,spec9,1021
2023-06-13 12:05:52,spec8,1021
2023-06-13 12:05:52,spec7,1021
2023-06-13 12:05:52,spec6,1022
2023-06-13 12:05:52,spec5,1022
2023-06-13 12:05:52,spec4,1023
2023-06-13 12:05:52,spec3,1025
2023-06-13 12:05:52,spec2,1025
2023-06-13 12:05:52,spec1,1026
2023-06-13 12:05:52,spec25,1034
2023-06-13 12:07:43,spec10,1021
2023-06-13 12:07:43,spec19,1041
2023-06-13 12:07:43,spec18,1039
2023-06-13 12:07:43,spec17,1036
2023-06-13 12:07:43,spec16,1032
2023-06-13 12:07:43,spec15,1028
2023-06-13 12:07:43,spec14,1024
2023-06-13 12:07:43,spec13,1022
2023-06-13 12:07:43,spec12,1022
2023-06-13 12:07:43,spec11,1022
2023-06-13 12:07:43,spec20,1044
2023-06-13 12:07:43,spec9,1020
2023-06-13 12:07:43,spec8,1019
2023-06-13 12:07:43,spec7,1019
2023-06-13 12:07:43,spec6,1019
2023-06-13 12:07:43,spec5,1020
2023-06-13 12:07:43,spec4,1021
2023-06-13 12:07:43,spec3,1022
2023-06-13 12:07:43,spec2,1024
2023-06-13 12:07:43,spec1,1026
2023-06-13 12:07:43,spec25,1031
2023-06-13 12:07:43,spec24,1035
2023-06-13 12:07:43,spec23,1040
2023-06-13 12:07:43,spec22,1044
2023-06-13 12:07:43,spec21,1045
2023-06-13 12:09:35,spec18,1037
2023-06-13 12:09:35,spec19,1039
2023-06-13 12:09:35,spec20,1041
2023-06-13 12:09:35,spec21,1042
2023-06-13 12:09:35,spec22,1041
2023-06-13 12:09:35,spec23,1039
2023-06-13 12:09:35,spec24,1035
2023-06-13 12:09:35,spec25,1031
2023-06-13 12:09:35,spec17,1034
2023-06-13 12:09:35,spec9,1017
2023-06-13 12:09:35,spec1,1024
2023-06-13 12:09:35,spec2,1022
2023-06-13 12:09:35,spec3,1021
2023-06-13 12:09:35,spec4,1020
2023-06-13 12:09:35,spec5,1020
2023-06-13 12:09:35,spec6,1019
2023-06-13 12:09:35,spec7,1019
2023-06-13 12:09:35,spec8,1018
2023-06-13 12:09:35,spec10,1017
2023-06-13 12:09:35,spec11,1018
2023-06-13 12:09:35,spec12,1020
2023-06-13 12:09:35,spec13,1023
2023-06-13 12:09:35,spec14,1026
2023-06-13 12:09:35,spec15,1029
2023-06-13 12:09:35,spec16,1031
2023-06-13 12:11:27,spec1,1022
2023-06-13 12:11:27,spec19,1038
2023-06-13 12:11:27,spec20,1039
2023-06-13 12:11:27,spec21,1040
2023-06-13 12:11:27,spec22,1038
2023-06-13 12:11:27,spec23,1036
2023-06-13 12:11:27,spec24,1033
2023-06-13 12:11:27,spec25,1028
2023-06-13 12:11:27,spec18,1036
2023-06-13 12:11:27,spec10,1017
2023-06-13 12:11:27,spec2,1021
2023-06-13 12:11:27,spec3,1020
2023-06-13 12:11:27,spec4,1019
2023-06-13 12:11:27,spec5,1018
2023-06-13 12:11:27,spec6,1017
2023-06-13 12:11:27,spec7,1016
2023-06-13 12:11:27,spec8,1017
2023-06-13 12:11:27,spec9,1017
2023-06-13 12:11:27,spec11,1018
2023-06-13 12:11:27,spec12,1019
2023-06-13 12:11:27,spec13,1021
2023-06-13 12:11:27,spec14,1024
2023-06-13 12:11:27,spec15,1027
2023-06-13 12:11:27,spec16,1030
2023-06-13 12:11:27,spec17,1033
2023-06-13 12:13:18,spec14,1022
2023-06-13 12:13:18,spec1,1019
2023-06-13 12:13:18,spec2,1018
2023-06-13 12:13:18,spec3,1017
2023-06-13 12:13:18,spec4,1016
2023-06-13 12:13:18,spec5,1016
2023-06-13 12:13:18,spec6,1016
2023-06-13 12:13:18,spec7,1016
2023-06-13 12:13:18,spec8,1015
2023-06-13 12:13:18,spec9,1015
2023-06-13 12:13:18,spec10,1015
2023-06-13 12:13:18,spec11,1016
2023-06-13 12:13:18,spec12,1017
2023-06-13 12:13:18,spec13,1019
2023-06-13 12:13:18,spec15,1026
2023-06-13 12:13:18,spec16,1029
2023-06-13 12:13:18,spec17,1032
2023-06-13 12:13:18,spec18,1034
2023-06-13 12:13:18,spec19,1037
2023-06-13 12:13:18,spec20,1038
2023-06-13 12:13:18,spec21,1038
2023-06-13 12:13:18,spec22,1037
2023-06-13 12:13:18,spec23,1035
2023-06-13 12:13:18,spec24,1031
2023-06-13 12:13:18,spec25,1027
2023-06-13 12:15:10,spec14,1022
2023-06-13 12:15:10,spec25,1024
2023-06-13 12:15:10,spec24,1030
2023-06-13 12:15:10,spec23,1033
2023-06-13 12:15:10,spec22,1036
2023-06-13 12:15:10,spec21,1037
2023-06-13 12:15:10,spec20,1037
2023-06-13 12:15:10,spec19,1036
2023-06-13 12:15:10,spec18,1034
2023-06-13 12:15:10,spec17,1031
2023-06-13 12:15:10,spec16,1028
2023-06-13 12:15:10,spec15,1025
2023-06-13 12:15:10,spec13,1019
2023-06-13 12:15:10,spec12,1016
2023-06-13 12:15:10,spec11,1014
2023-06-13 12:15:10,spec10,1014
2023-06-13 12:15:10,spec9,1014
2023-06-13 12:15:10,spec8,1014
2023-06-13 12:15:10,spec7,1014
2023-06-13 12:15:10,spec6,1014
2023-06-13 12:15:10,spec5,1014
2023-06-13 12:15:10,spec4,1014
2023-06-13 12:15:10,spec3,1015
2023-06-13 12:15:10,spec2,1016
2023-06-13 12:15:10,spec1,1017
2023-06-13 12:17:02,spec18,1033
2023-06-13 12:17:02,spec19,1035
2023-06-13 12:17:02,spec20,1036
2023-06-13 12:17:02,spec21,1036
2023-06-13 12:17:02,spec22,1036
2023-06-13 12:17:02,spec23,1033
2023-06-13 12:17:02,spec24,1029
2023-06-13 12:17:02,spec25,1023
2023-06-13 12:17:02,spec17,1030
2023-06-13 12:17:02,spec9,1012
2023-06-13 12:17:02,spec1,1015
2023-06-13 12:17:02,spec2,1015
2023-06-13 12:17:02,spec3,1015
2023-06-13 12:17:02,spec4,1014
2023-06-13 12:17:02,spec5,1013
2023-06-13 12:17:02,spec6,1012
2023-06-13 12:17:02,spec7,1012
2023-06-13 12:17:02,spec8,1011
2023-06-13 12:17:02,spec10,1013
2023-06-13 12:17:02,spec11,1014
2023-06-13 12:17:02,spec12,1015
2023-06-13 12:17:02,spec13,1017
2023-06-13 12:17:02,spec14,1019
2023-06-13 12:17:02,spec15,1022
2023-06-13 12:17:02,spec16,1026
2023-06-13 12:18:53,spec16,1025
2023-06-13 12:18:53,spec25,1021
2023-06-13 12:18:53,spec24,1026
2023-06-13 12:18:53,spec23,1030
2023-06-13 12:18:53,spec22,1034
2023-06-13 12:18:53,spec21,1034
2023-06-13 12:18:53,spec20,1034
2023-06-13 12:18:53,spec19,1032
2023-06-13 12:18:53,spec18,1031
2023-06-13 12:18:53,spec17,1028
2023-06-13 12:18:53,spec15,1022
2023-06-13 12:18:53,spec14,1020
2023-06-13 12:18:53,spec13,1017
2023-06-13 12:18:53,spec12,1014
2023-06-13 12:18:53,spec11,1012
2023-06-13 12:18:53,spec10,1010
2023-06-13 12:18:53,spec9,1010
2023-06-13 12:18:53,spec8,1009
2023-06-13 12:18:53,spec7,1010
2023-06-13 12:18:53,spec6,1010
2023-06-13 12:18:53,spec5,1012
2023-06-13 12:18:53,spec4,1012
2023-06-13 12:18:53,spec3,1013
2023-06-13 12:18:53,spec2,1013
2023-06-13 12:18:53,spec1,1014
2023-06-13 12:20:45,spec11,1012
2023-06-13 12:20:45,spec21,1033
2023-06-13 12:20:45,spec20,1033
2023-06-13 12:20:45,spec19,1032
2023-06-13 12:20:45,spec18,1030
2023-06-13 12:20:45,spec17,1028
2023-06-13 12:20:45,spec16,1025
2023-06-13 12:20:45,spec15,1021
2023-06-13 12:20:45,spec14,1017
2023-06-13 12:20:45,spec13,1015
2023-06-13 12:20:45,spec12,1013
2023-06-13 12:20:45,spec22,1032
2023-06-13 12:20:45,spec10,1011
2023-06-13 12:20:45,spec9,1010
2023-06-13 12:20:45,spec8,1010
2023-06-13 12:20:45,spec7,1009
2023-06-13 12:20:45,spec6,1009
2023-06-13 12:20:45,spec5,1009
2023-06-13 12:20:45,spec4,1010
2023-06-13 12:20:45,spec3,1011
2023-06-13 12:20:45,spec2,1012
2023-06-13 12:20:45,spec1,1013
2023-06-13 12:20:45,spec25,1019
2023-06-13 12:20:45,spec24,1025
2023-06-13 12:20:45,spec23,1029
2023-06-13 12:22:37,spec18,1028
2023-06-13 12:22:37,spec19,1030
2023-06-13 12:22:37,spec20,1032
2023-06-13 12:22:37,spec21,1033
2023-06-13 12:22:37,spec22,1032
2023-06-13 12:22:37,spec23,1028
2023-06-13 12:22:37,spec24,1022
2023-06-13 12:22:37,spec25,1016
2023-06-13 12:22:37,spec17,1026
2023-06-13 12:22:37,spec9,1007
2023-06-13 12:22:37,spec1,1011
2023-06-13 12:22:37,spec2,1009
2023-06-13 12:22:37,spec3,1008
2023-06-13 12:22:37,spec4,1007
2023-06-13 12:22:37,spec5,1007
2023-06-13 12:22:37,spec6,1006
2023-06-13 12:22:37,spec7,1005
2023-06-13 12:22:37,spec8,1006
2023-06-13 12:22:37,spec10,1008
2023-06-13 12:22:37,spec11,1008
2023-06-13 12:22:37,spec12,1011
2023-06-13 12:22:37,spec13,1014
2023-06-13 12:22:37,spec14,1017
2023-06-13 12:22:37,spec15,1019
2023-06-13 12:22:37,spec16,1022
2023-06-13 12:24:28,spec17,1026
2023-06-13 12:24:28,spec18,1028
2023-06-13 12:24:28,spec19,1029
2023-06-13 12:24:28,spec20,1030
2023-06-13 12:24:28,spec21,1031
2023-06-13 12:24:28,spec22,1030
2023-06-13 12:24:28,spec23,1025
2023-06-13 12:24:28,spec24,1020
2023-06-13 12:24:28,spec25,1016
2023-06-13 12:24:28,spec16,1022
2023-06-13 12:24:28,spec15,1019
2023-06-13 12:24:28,spec14,1015
2023-06-13 12:24:28,spec13,1013
2023-06-13 12:24:28,spec12,1011
2023-06-13 12:24:28,spec11,1009
2023-06-13 12:24:28,spec10,1007
2023-06-13 12:24:28,spec9,1006
2023-06-13 12:24:28,spec8,1006
2023-06-13 12:24:28,spec7,1006
2023-06-13 12:24:28,spec6,1006
2023-06-13 12:24:28,spec5,1007
2023-06-13 12:24:28,spec4,1007
2023-06-13 12:24:28,spec3,1008
2023-06-13 12:24:28,spec2,1009
2023-06-13 12:24:28,spec1,1011
2023-06-13 12:26:20,spec16,1019
2023-06-13 12:26:20,spec1,1009
2023-06-13 12:26:20,spec2,1007
2023-06-13 12:26:20,spec3,1006
2023-06-13 12:26:20,spec4,1006
2023-06-13 12:26:20,spec5,1006
2023-06-13 12:26:20,spec6,1005
2023-06-13 12:26:20,spec7,1005
2023-06-13 12:26:20,spec8,1005
2023-06-13 12:26:20,spec9,1006
2023-06-13 12:26:20,spec10,1006
2023-06-13 12:26:20,spec11,1007
2023-06-13 12:26:20,spec12,1009
2023-06-13 12:26:20,spec13,1011
2023-06-13 12:26:20,spec14,1013
2023-06-13 12:26:20,spec15,1016
2023-06-13 12:26:20,spec17,1023
2023-06-13 12:26:20,spec18,1026
2023-06-13 12:26:20,spec19,1028
2023-06-13 12:26:20,spec20,1028
2023-06-13 12:26:20,spec21,1029
2023-06-13 12:26:20,spec22,1027
2023-06-13 12:26:20,spec23,1023
2023-06-13 12:26:20,spec24,1018
2023-06-13 12:26:20,spec25,1013
2023-06-13 12:28:12,spec15,1015
2023-06-13 12:28:12,spec25,1011
2023-06-13 12:28:12,spec24,1016
2023-06-13 12:28:12,spec23,1021
2023-06-13 12:28:12,spec22,1025
2023-06-13 12:28:12,spec21,1027
2023-06-13 12:28:12,spec20,1027
2023-06-13 12:28:12,spec19,1026
2023-06-13 12:28:12,spec18,1024
2023-06-13 12:28:12,spec17,1021
2023-06-13 12:28:12,spec16,1018
2023-06-13 12:28:12,spec14,1012
2023-06-13 12:28:12,spec13,1009
2023-06-13 12:28:12,spec12,1006
2023-06-13 12:28:12,spec11,1004
2023-06-13 12:28:12,spec10,1003
2023-06-13 12:28:12,spec9,1002
2023-06-13 12:28:12,spec8,1002
2023-06-13 12:28:12,spec7,1002
2023-06-13 12:28:12,spec6,1002
2023-06-13 12:28:12,spec5,1002
2023-06-13 12:28:12,spec4,1002
2023-06-13 12:28:12,spec3,1003
2023-06-13 12:28:12,spec2,1004
2023-06-13 12:28:12,spec1,1006
2023-06-13 12:30:03,spec18,1023
2023-06-13 12:30:03,spec19,1026
2023-06-13 12:30:03,spec20,1027
2023-06-13 12:30:03,spec21,1026
2023-06-13 12:30:03,spec22,1024
2023-06-13 12:30:03,spec23,1020
2023-06-13 12:30:03,spec24,1015
2023-06-13 12:30:03,spec25,1009
2023-06-13 12:30:03,spec17,1020
2023-06-13 12:30:03,spec9,1003
2023-06-13 12:30:03,spec1,1005
2023-06-13 12:30:03,spec2,1003
2023-06-13 12:30:03,spec3,1002
2023-06-13 12:30:03,spec4,1002
2023-06-13 12:30:03,spec5,1002
2023-06-13 12:30:03,spec6,1001
2023-06-13 12:30:03,spec7,1001
2023-06-13 12:30:03,spec8,1002
2023-06-13 12:30:03,spec10,1003
2023-06-13 12:30:03,spec11,1003
2023-06-13 12:30:03,spec12,1005
2023-06-13 12:30:03,spec13,1008
2023-06-13 12:30:03,spec14,1011
2023-06-13 12:30:03,spec15,1014
2023-06-13 12:30:03,spec16,1017
2023-06-13 12:31:55,spec21,1026
2023-06-13 12:31:55,spec22,1024
2023-06-13 12:31:55,spec23,1019
2023-06-13 12:31:55,spec24,1013
2023-06-13 12:31:55,spec25,1008
2023-06-13 12:31:55,spec20,1025
2023-06-13 12:31:55,spec10,1001
2023-06-13 12:31:55,spec1,1004
2023-06-13 12:31:55,spec2,1003
2023-06-13 12:31:55,spec3,1002
2023-06-13 12:31:55,spec4,1000
2023-06-13 12:31:55,spec5,999
2023-06-13 12:31:55,spec6,999
2023-06-13 12:31:55,spec7,999
2023-06-13 12:31:55,spec8,999
2023-06-13 12:31:55,spec9,1000
2023-06-13 12:31:55,spec11,1003
2023-06-13 12:31:55,spec12,1005
2023-06-13 12:31:55,spec13,1008
2023-06-13 12:31:55,spec14,1011
2023-06-13 12:31:55,spec15,1013
2023-06-13 12:31:55,spec16,1015
2023-06-13 12:31:55,spec17,1018
2023-06-13 12:31:55,spec18,1021
2023-06-13 12:31:55,spec19,1023
2023-06-13 12:33:47,spec12,1003
2023-06-13 12:33:47,spec23,1016
2023-06-13 12:33:47,spec22,1020
2023-06-13 12:33:47,spec21,1022
2023-06-13 12:33:47,spec20,1023
2023-06-13 12:33:47,spec19,1022
2023-06-13 12:33:47,spec18,1020
2023-06-13 12:33:47,spec17,1017
2023-06-13 12:33:47,spec16,1014
2023-06-13 12:33:47,spec15,1011
2023-06-13 12:33:47,spec14,1008
2023-06-13 12:33:47,spec13,1005
2023-06-13 12:33:47,spec24,1011
2023-06-13 12:33:47,spec11,1001
2023-06-13 12:33:47,spec10,1000
2023-06-13 12:33:47,spec9,999
2023-06-13 12:33:47,spec8,998
2023-06-13 12:33:47,spec7,997
2023-06-13 12:33:47,spec6,998
2023-06-13 12:33:47,spec5,998
2023-06-13 12:33:47,spec4,998
2023-06-13 12:33:47,spec3,998
2023-06-13 12:33:47,spec2,999
2023-06-13 12:33:47,spec1,1000
2023-06-13 12:33:47,spec25,1006
2023-06-13 12:35:39,spec18,1019
2023-06-13 12:35:39,spec19,1020
2023-06-13 12:35:39,spec20,1020
2023-06-13 12:35:39,spec21,1019
2023-06-13 12:35:39,spec22,1017
2023-06-13 12:35:39,spec23,1014
2023-06-13 12:35:39,spec24,1009
2023-06-13 12:35:39,spec25,1003
2023-06-13 12:35:39,spec17,1017
2023-06-13 12:35:39,spec9,996
2023-06-13 12:35:39,spec1,1001
2023-06-13 12:35:39,spec2,999
2023-06-13 12:35:39,spec3,997
2023-06-13 12:35:39,spec4,996
2023-06-13 12:35:39,spec5,995
2023-06-13 12:35:39,spec6,995
2023-06-13 12:35:39,spec7,995
2023-06-13 12:35:39,spec8,995
2023-06-13 12:35:39,spec10,997
2023-06-13 12:35:39,spec11,999
2023-06-13 12:35:39,spec12,1001
2023-06-13 12:35:39,spec13,1004
2023-06-13 12:35:39,spec14,1007
2023-06-13 12:35:39,spec15,1010
2023-06-13 12:35:39,spec16,1014
2023-06-13 12:37:30,spec16,1013
2023-06-13 12:37:30,spec1,999
2023-06-13 12:37:30,spec2,997
2023-06-13 12:37:30,spec3,995
2023-06-13 12:37:30,spec4,995
2023-06-13 12:37:30,spec5,995
2023-06-13 12:37:30,spec6,995
2023-06-13 12:37:30,spec7,995
2023-06-13 12:37:30,spec8,996
2023-06-13 12:37:30,spec9,998
2023-06-13 12:37:30,spec10,998
2023-06-13 12:37:30,spec11,999
2023-06-13 12:37:30,spec12,1001
2023-06-13 12:37:30,spec13,1003
2023-06-13 12:37:30,spec14,1007
2023-06-13 12:37:30,spec15,1010
2023-06-13 12:37:30,spec17,1016
2023-06-13 12:37:30,spec18,1018
2023-06-13 12:37:30,spec19,1021
2023-06-13 12:37:30,spec20,1022
2023-06-13 12:37:30,spec21,1021
2023-06-13 12:37:30,spec22,1017
2023-06-13 12:37:30,spec23,1012
2023-06-13 12:37:30,spec24,1006
2023-06-13 12:37:30,spec25,1001
2023-06-13 12:39:22,spec9,995
2023-06-13 12:39:22,spec17,1016
2023-06-13 12:39:22,spec16,1012
2023-06-13 12:39:22,spec15,1009
2023-06-13 12:39:22,spec14,1006
2023-06-13 12:39:22,spec13,1003
2023-06-13 12:39:22,spec12,1000
2023-06-13 12:39:22,spec11,998
2023-06-13 12:39:22,spec10,996
2023-06-13 12:39:22,spec18,1018
2023-06-13 12:39:22,spec8,995
2023-06-13 12:39:22,spec7,995
2023-06-13 12:39:22,spec6,995
2023-06-13 12:39:22,spec5,994
2023-06-13 12:39:22,spec4,994
2023-06-13 12:39:22,spec3,995
2023-06-13 12:39:22,spec2,996
2023-06-13 12:39:22,spec1,997
2023-06-13 12:39:22,spec25,1001
2023-06-13 12:39:22,spec24,1008
2023-06-13 12:39:22,spec23,1014
2023-06-13 12:39:22,spec22,1018
2023-06-13 12:39:22,spec21,1020
2023-06-13 12:39:22,spec20,1020
2023-06-13 12:39:22,spec19,1019
2023-06-13 12:41:14,spec16,1012
2023-06-13 12:41:14,spec25,1000
2023-06-13 12:41:14,spec24,1006
2023-06-13 12:41:14,spec23,1012
2023-06-13 12:41:14,spec22,1015
2023-06-13 12:41:14,spec21,1017
2023-06-13 12:41:14,spec20,1018
2023-06-13 12:41:14,spec19,1018
2023-06-13 12:41:14,spec18,1018
2023-06-13 12:41:14,spec17,1016
2023-06-13 12:41:14,spec15,1009
2023-06-13 12:41:14,spec14,1006
2023-06-13 12:41:14,spec13,1002
2023-06-13 12:41:14,spec12,998
2023-06-13 12:41:14,spec11,995
2023-06-13 12:41:14,spec10,995
2023-06-13 12:41:14,spec9,996
2023-06-13 12:41:14,spec8,995
2023-06-13 12:41:14,spec7,994
2023-06-13 12:41:14,spec6,993
2023-06-13 12:41:14,spec5,993
2023-06-13 12:41:14,spec4,994
2023-06-13 12:41:14,spec3,995
2023-06-13 12:41:14,spec2,996
2023-06-13 12:41:14,spec1,997
2023-06-13 12:43:05,spec18,1017
2023-06-13 12:43:05,spec19,1019
2023-06-13 12:43:05,spec20,1019
2023-06-13 12:43:05,spec21,1018
2023-06-13 12:43:05,spec22,1015
2023-06-13 12:43:05,spec23,1011
2023-06-13 12:43:05,spec24,1005
2023-06-13 12:43:05,spec25,999
2023-06-13 12:43:05,spec17,1014
2023-06-13 12:43:05,spec9,993
2023-06-13 12:43:05,spec1,996
2023-06-13 12:43:05,spec2,995
2023-06-13 12:43:05,spec3,994
2023-06-13 12:43:05,spec4,993
2023-06-13 12:43:05,spec5,992
2023-06-13 12:43:05,spec6,991
2023-06-13 12:43:05,spec7,991
2023-06-13 12:43:05,spec8,992
2023-06-13 12:43:05,spec10,994
2023-06-13 12:43:05,spec11,996
2023-06-13 12:43:05,spec12,998
2023-06-13 12:43:05,spec13,1001
2023-06-13 12:43:05,spec14,1004
2023-06-13 12:43:05,spec15,1008
2023-06-13 12:43:05,spec16,1011
2023-06-13 12:44:57,spec25,997
2023-06-13 12:44:57,spec24,1004
2023-06-13 12:44:57,spec12,997
2023-06-13 12:44:57,spec1,994
2023-06-13 12:44:57,spec2,993
2023-06-13 12:44:57,spec3,993
2023-06-13 12:44:57,spec4,991
2023-06-13 12:44:57,spec5,990
2023-06-13 12:44:57,spec6,989
2023-06-13 12:44:57,spec7,990
2023-06-13 12:44:57,spec8,993
2023-06-13 12:44:57,spec9,995
2023-06-13 12:44:57,spec10,995
2023-06-13 12:44:57,spec11,995
2023-06-13 12:44:57,spec13,1000
2023-06-13 12:44:57,spec14,1004
2023-06-13 12:44:57,spec15,1007
2023-06-13 12:44:57,spec16,1011
2023-06-13 12:44:57,spec17,1014
2023-06-13 12:44:57,spec18,1016
2023-06-13 12:44:57,spec19,1018
2023-06-13 12:44:57,spec20,1018
2023-06-13 12:44:57,spec21,1016
2023-06-13 12:44:57,spec22,1014
2023-06-13 12:44:57,spec23,1010
2023-06-13 12:46:49,spec13,999
2023-06-13 12:46:49,spec25,997
2023-06-13 12:46:49,spec24,1002
2023-06-13 12:46:49,spec23,1007
2023-06-13 12:46:49,spec22,1012
2023-06-13 12:46:49,spec21,1015
2023-06-13 12:46:49,spec20,1017
2023-06-13 12:46:49,spec19,1017
2023-06-13 12:46:49,spec18,1015
2023-06-13 12:46:49,spec17,1013
2023-06-13 12:46:49,spec16,1010
2023-06-13 12:46:49,spec15,1007
2023-06-13 12:46:49,spec14,1003
2023-06-13 12:46:49,spec12,996
2023-06-13 12:46:49,spec11,994
2023-06-13 12:46:49,spec10,993
2023-06-13 12:46:49,spec9,992
2023-06-13 12:46:49,spec8,991
2023-06-13 12:46:49,spec7,990
2023-06-13 12:46:49,spec6,990
2023-06-13 12:46:49,spec5,990
2023-06-13 12:46:49,spec4,991
2023-06-13 12:46:49,spec3,992
2023-06-13 12:46:49,spec2,993
2023-06-13 12:46:49,spec1,994
2023-06-13 12:48:40,spec18,1015
2023-06-13 12:48:40,spec19,1017
2023-06-13 12:48:40,spec20,1017
2023-06-13 12:48:40,spec21,1015
2023-06-13 12:48:40,spec22,1012
2023-06-13 12:48:40,spec23,1007
2023-06-13 12:48:40,spec24,1002
2023-06-13 12:48:40,spec25,995
2023-06-13 12:48:40,spec17,1013
2023-06-13 12:48:40,spec9,991
2023-06-13 12:48:40,spec1,994
2023-06-13 12:48:40,spec2,991
2023-06-13 12:48:40,spec3,989
2023-06-13 12:48:40,spec4,990
2023-06-13 12:48:40,spec5,991
2023-06-13 12:48:40,spec6,991
2023-06-13 12:48:40,spec7,991
2023-06-13 12:48:40,spec8,991
2023-06-13 12:48:40,spec10,993
2023-06-13 12:48:40,spec11,996
2023-06-13 12:48:40,spec12,997
2023-06-13 12:48:40,spec13,999
2023-06-13 12:48:40,spec14,1002
2023-06-13 12:48:40,spec15,1006
2023-06-13 12:48:40,spec16,1010
2023-06-13 12:50:32,spec12,995
2023-06-13 12:50:32,spec23,1006
2023-06-13 12:50:32,spec22,1012
2023-06-13 12:50:32,spec21,1015
2023-06-13 12:50:32,spec20,1015
2023-06-13 12:50:32,spec19,1015
2023-06-13 12:50:32,spec18,1014
2023-06-13 12:50:32,spec17,1012
2023-06-13 12:50:32,spec16,1009
2023-06-13 12:50:32,spec15,1006
2023-06-13 12:50:32,spec14,1002
2023-06-13 12:50:32,spec13,998
2023-06-13 12:50:32,spec24,1000
2023-06-13 12:50:32,spec11,993
2023-06-13 12:50:32,spec10,992
2023-06-13 12:50:32,spec9,991
2023-06-13 12:50:32,spec8,991
2023-06-13 12:50:32,spec7,990
2023-06-13 12:50:32,spec6,989
2023-06-13 12:50:32,spec5,988
2023-06-13 12:50:32,spec4,989
2023-06-13 12:50:32,spec3,990
2023-06-13 12:50:32,spec2,991
2023-06-13 12:50:32,spec1,992
2023-06-13 12:50:32,spec25,994
2023-06-13 12:52:24,spec10,991
2023-06-13 12:52:24,spec19,1013
2023-06-13 12:52:24,spec18,1011
2023-06-13 12:52:24,spec17,1010
2023-06-13 12:52:24,spec16,1008
2023-06-13 12:52:24,spec15,1005
2023-06-13 12:52:24,spec14,1001
2023-06-13 12:52:24,spec13,997
2023-06-13 12:52:24,spec12,994
2023-06-13 12:52:24,spec11,992
2023-06-13 12:52:24,spec20,1014
2023-06-13 12:52:24,spec9,990
2023-06-13 12:52:24,spec8,988
2023-06-13 12:52:24,spec7,987
2023-06-13 12:52:24,spec6,987
2023-06-13 12:52:24,spec5,988
2023-06-13 12:52:24,spec4,988
2023-06-13 12:52:24,spec3,988
2023-06-13 12:52:24,spec2,989
2023-06-13 12:52:24,spec1,990
2023-06-13 12:52:24,spec25,992
2023-06-13 12:52:24,spec24,998
2023-06-13 12:52:24,spec23,1004
2023-06-13 12:52:24,spec22,1009
2023-06-13 12:52:24,spec21,1012
2023-06-13 12:54:15,spec18,1014
2023-06-13 12:54:15,spec19,1015
2023-06-13 12:54:15,spec20,1014
2023-06-13 12:54:15,spec21,1012
2023-06-13 12:54:15,spec22,1008
2023-06-13 12:54:15,spec23,1003
2023-06-13 12:54:15,spec24,997
2023-06-13 12:54:15,spec25,992
2023-06-13 12:54:15,spec17,1011
2023-06-13 12:54:15,spec9,988
2023-06-13 12:54:15,spec1,990
2023-06-13 12:54:15,spec2,988
2023-06-13 12:54:15,spec3,987
2023-06-13 12:54:15,spec4,986
2023-06-13 12:54:15,spec5,986
2023-06-13 12:54:15,spec6,986
2023-06-13 12:54:15,spec7,986
2023-06-13 12:54:15,spec8,987
2023-06-13 12:54:15,spec10,990
2023-06-13 12:54:15,spec11,992
2023-06-13 12:54:15,spec12,994
2023-06-13 12:54:15,spec13,996
2023-06-13 12:54:15,spec14,1000
2023-06-13 12:54:15,spec15,1003
2023-06-13 12:54:15,spec16,1007
2023-06-13 12:56:07,spec18,1012
2023-06-13 12:56:07,spec19,1013
2023-06-13 12:56:07,spec20,1013
2023-06-13 12:56:07,spec21,1010
2023-06-13 12:56:07,spec22,1006
2023-06-13 12:56:07,spec23,1002
2023-06-13 12:56:07,spec24,997
2023-06-13 12:56:07,spec25,990
2023-06-13 12:56:07,spec17,1009
2023-06-13 12:56:07,spec9,988
2023-06-13 12:56:07,spec1,989
2023-06-13 12:56:07,spec2,987
2023-06-13 12:56:07,spec3,987
2023-06-13 12:56:07,spec4,987
2023-06-13 12:56:07,spec5,987
2023-06-13 12:56:07,spec6,987
2023-06-13 12:56:07,spec7,987
2023-06-13 12:56:07,spec8,988
2023-06-13 12:56:07,spec10,989
2023-06-13 12:56:07,spec11,990
2023-06-13 12:56:07,spec12,993
2023-06-13 12:56:07,spec13,997
2023-06-13 12:56:07,spec14,1001
2023-06-13 12:56:07,spec15,1004
2023-06-13 12:56:07,spec16,1006
2023-06-13 12:57:59,spec14,999
2023-06-13 12:57:59,spec1,988
2023-06-13 12:57:59,spec2,987
2023-06-13 12:57:59,spec3,985
2023-06-13 12:57:59,spec4,984
2023-06-13 12:57:59,spec5,984
2023-06-13 12:57:59,spec6,984
2023-06-13 12:57:59,spec7,984
2023-06-13 12:57:59,spec8,985
2023-06-13 12:57:59,spec9,986
2023-06-13 12:57:59,spec10,988
2023-06-13 12:57:59,spec11,991
2023-06-13 12:57:59,spec12,993
2023-06-13 12:57:59,spec13,996
2023-06-13 12:57:59,spec15,1002
2023-06-13 12:57:59,spec16,1006
2023-06-13 12:57:59,spec17,1009
2023-06-13 12:57:59,spec18,1011
2023-06-13 12:57:59,spec19,1011
2023-06-13 12:57:59,spec20,1011
2023-06-13 12:57:59,spec21,1010
2023-06-13 12:57:59,spec22,1007
2023-06-13 12:57:59,spec23,1001
2023-06-13 12:57:59,spec24,994
2023-06-13 12:57:59,spec25,987
2023-06-13 12:59:50,spec14,997
2023-06-13 12:59:50,spec25,987
2023-06-13 12:59:50,spec24,994
2023-06-13 12:59:50,spec23,1000
2023-06-13 12:59:50,spec22,1005
2023-06-13 12:59:50,spec21,1009
2023-06-13 12:59:50,spec20,1010
2023-06-13 12:59:50,spec19,1010
2023-06-13 12:59:50,spec18,1009
2023-06-13 12:59:50,spec17,1008
2023-06-13 12:59:50,spec16,1006
2023-06-13 12:59:50,spec15,1002
2023-06-13 12:59:50,spec13,993
2023-06-13 12:59:50,spec12,990
2023-06-13 12:59:50,spec11,988
2023-06-13 12:59:50,spec10,987
2023-06-13 12:59:50,spec9,985
2023-06-13 12:59:50,spec8,983
2023-06-13 12:59:50,spec7,982
2023-06-13 12:59:50,spec6,983
2023-06-13 12:59:50,spec5,983
2023-06-13 12:59:50,spec4,984
2023-06-13 12:59:50,spec3,985
2023-06-13 12:59:50,spec2,985
2023-06-13 12:59:50,spec1,986
2023-06-13 13:01:42,spec18,1010
2023-06-13 13:01:42,spec19,1010
2023-06-13 13:01:42,spec20,1010
2023-06-13 13:01:42,spec21,1009
2023-06-13 13:01:42,spec22,1006
2023-06-13 13:01:42,spec23,999
2023-06-13 13:01:42,spec24,991
2023-06-13 13:01:42,spec25,985
2023-06-13 13:01:42,spec17,1008
2023-06-13 13:01:42,spec9,985
2023-06-13 13:01:42,spec1,986
2023-06-13 13:01:42,spec2,986
2023-06-13 13:01:42,spec3,985
2023-06-13 13:01:42,spec4,983
2023-06-13 13:01:42,spec5,982
2023-06-13 13:01:42,spec6,982
2023-06-13 13:01:42,spec7,983
2023-06-13 13:01:42,spec8,984
2023-06-13 13:01:42,spec10,986
2023-06-13 13:01:42,spec11,988
2023-06-13 13:01:42,spec12,990
2023-06-13 13:01:42,spec13,994
2023-06-13 13:01:42,spec14,997
2023-06-13 13:01:42,spec15,1001
2023-06-13 13:01:42,spec16,1005
2023-06-13 13:03:34,spec16,1003
2023-06-13 13:03:34,spec25,986
2023-06-13 13:03:34,spec24,992
2023-06-13 13:03:34,spec23,998
2023-06-13 13:03:34,spec22,1004
2023-06-13 13:03:34,spec21,1007
2023-06-13 13:03:34,spec20,1008
2023-06-13 13:03:34,spec19,1008
2023-06-13 13:03:34,spec18,1007
2023-06-13 13:03:34,spec17,1006
2023-06-13 13:03:34,spec15,1000
2023-06-13 13:03:34,spec14,995
2023-06-13 13:03:34,spec13,992
2023-06-13 13:03:34,spec12,989
2023-06-13 13:03:34,spec11,987
2023-06-13 13:03:34,spec10,985
2023-06-13 13:03:34,spec9,983
2023-06-13 13:03:34,spec8,982
2023-06-13 13:03:34,spec7,981
2023-06-13 13:03:34,spec6,981
2023-06-13 13:03:34,spec5,981
2023-06-13 13:03:34,spec4,981
2023-06-13 13:03:34,spec3,982
2023-06-13 13:03:34,spec2,983
2023-06-13 13:03:34,spec1,985
2023-06-13 13:05:25,spec11,989
2023-06-13 13:05:25,spec21,1007
2023-06-13 13:05:25,spec20,1010
2023-06-13 13:05:25,spec19,1012
2023-06-13 13:05:25,spec18,1011
2023-06-13 13:05:25,spec17,1009
2023-06-13 13:05:25,spec16,1006
2023-06-13 13:05:25,spec15,1002
2023-06-13 13:05:25,spec14,998
2023-06-13 13:05:25,spec13,994
2023-06-13 13:05:25,spec12,992
2023-06-13 13:05:25,spec22,1004
2023-06-13 13:05:25,spec10,987
2023-06-13 13:05:25,spec9,985
2023-06-13 13:05:25,spec8,984
2023-06-13 13:05:25,spec7,983
2023-06-13 13:05:25,spec6,983
2023-06-13 13:05:25,spec5,983
2023-06-13 13:05:25,spec4,984
2023-06-13 13:05:25,spec3,985
2023-06-13 13:05:25,spec2,987
2023-06-13 13:05:25,spec1,988
2023-06-13 13:05:25,spec25,987
2023-06-13 13:05:25,spec24,994
2023-06-13 13:05:25,spec23,1000
2023-06-13 13:07:17,spec18,1009
2023-06-13 13:07:17,spec19,1010
2023-06-13 13:07:17,spec20,1009
2023-06-13 13:07:17,spec21,1007
2023-06-13 13:07:17,spec22,1002
2023-06-13 13:07:17,spec23,996
2023-06-13 13:07:17,spec24,990
2023-06-13 13:07:17,spec25,985
2023-06-13 13:07:17,spec17,1007
2023-06-13 13:07:17,spec9,983
2023-06-13 13:07:17,spec1,985
2023-06-13 13:07:17,spec2,983
2023-06-13 13:07:17,spec3,981
2023-06-13 13:07:17,spec4,981
2023-06-13 13:07:17,spec5,982
2023-06-13 13:07:17,spec6,982
2023-06-13 13:07:17,spec7,982
2023-06-13 13:07:17,spec8,982
2023-06-13 13:07:17,spec10,985
2023-06-13 13:07:17,spec11,986
2023-06-13 13:07:17,spec12,989
2023-06-13 13:07:17,spec13,992
2023-06-13 13:07:17,spec14,996
2023-06-13 13:07:17,spec15,1000
2023-06-13 13:07:17,spec16,1004
2023-06-13 13:09:09,spec16,1002
2023-06-13 13:09:09,spec17,1005
2023-06-13 13:09:09,spec18,1007
2023-06-13 13:09:09,spec19,1009
2023-06-13 13:09:09,spec20,1008
2023-06-13 13:09:09,spec21,1006
2023-06-13 13:09:09,spec22,1003
2023-06-13 13:09:09,spec23,997
2023-06-13 13:09:09,spec24,991
2023-06-13 13:09:09,spec25,984
2023-06-13 13:09:09,spec15,998
2023-06-13 13:09:09,spec14,994
2023-06-13 13:09:09,spec13,990
2023-06-13 13:09:09,spec12,987
2023-06-13 13:09:09,spec11,986
2023-06-13 13:09:09,spec10,984
2023-06-13 13:09:09,spec9,983
2023-06-13 13:09:09,spec8,982
2023-06-13 13:09:09,spec7,981
2023-06-13 13:09:09,spec6,981
2023-06-13 13:09:09,spec5,981
2023-06-13 13:09:09,spec4,980
2023-06-13 13:09:09,spec3,980
2023-06-13 13:09:09,spec2,982
2023-06-13 13:09:09,spec1,984
2023-06-13 13:11:00,spec16,1003
2023-06-13 13:11:00,spec1,985
2023-06-13 13:11:00,spec2,983
2023-06-13 13:11:00,spec3,982
2023-06-13 13:11:00,spec4,981
2023-06-13 13:11:00,spec5,981
2023-06-13 13:11:00,spec6,980
2023-06-13 13:11:00,spec7,981
2023-06-13 13:11:00,spec8,982
2023-06-13 13:11:00,spec9,984
2023-06-13 13:11:00,spec10,985
2023-06-13 13:11:00,spec11,987
2023-06-13 13:11:00,spec12,990
2023-06-13 13:11:00,spec13,992
2023-06-13 13:11:00,spec14,996
2023-06-13 13:11:00,spec15,1000
2023-06-13 13:11:00,spec17,1005
2023-06-13 13:11:00,spec18,1007
2023-06-13 13:11:00,spec19,1009
2023-06-13 13:11:00,spec20,1009
2023-06-13 13:11:00,spec21,1007
2023-06-13 13:11:00,spec22,1003
2023-06-13 13:11:00,spec23,997
2023-06-13 13:11:00,spec24,990
2023-06-13 13:11:00,spec25,983
2023-06-13 13:12:52,spec15,999
2023-06-13 13:12:52,spec25,983
2023-06-13 13:12:52,spec24,989
2023-06-13 13:12:52,spec23,996
2023-06-13 13:12:52,spec22,1002
2023-06-13 13:12:52,spec21,1006
2023-06-13 13:12:52,spec20,1009
2023-06-13 13:12:52,spec19,1008
2023-06-13 13:12:52,spec18,1006
2023-06-13 13:12:52,spec17,1004
2023-06-13 13:12:52,spec16,1002
2023-06-13 13:12:52,spec14,996
2023-06-13 13:12:52,spec13,992
2023-06-13 13:12:52,spec12,989
2023-06-13 13:12:52,spec11,986
2023-06-13 13:12:52,spec10,984
2023-06-13 13:12:52,spec9,983
2023-06-13 13:12:52,spec8,982
2023-06-13 13:12:52,spec7,982
2023-06-13 13:12:52,spec6,981
2023-06-13 13:12:52,spec5,980
2023-06-13 13:12:52,spec4,981
2023-06-13 13:12:52,spec3,983
2023-06-13 13:12:52,spec2,983
2023-06-13 13:12:52,spec1,984
2023-06-13 13:14:44,spec18,1008
2023-06-13 13:14:44,spec19,1008
2023-06-13 13:14:44,spec20,1007
2023-06-13 13:14:44,spec21,1006
2023-06-13 13:14:44,spec22,1002
2023-06-13 13:14:44,spec23,996
2023-06-13 13:14:44,spec24,990
2023-06-13 13:14:44,spec25,985
2023-06-13 13:14:44,spec17,1007
2023-06-13 13:14:44,spec9,983
2023-06-13 13:14:44,spec1,986
2023-06-13 13:14:44,spec2,984
2023-06-13 13:14:44,spec3,982
2023-06-13 13:14:44,spec4,982
2023-06-13 13:14:44,spec5,982
2023-06-13 13:14:44,spec6,981
2023-06-13 13:14:44,spec7,980
2023-06-13 13:14:44,spec8,981
2023-06-13 13:14:44,spec10,984
2023-06-13 13:14:44,spec11,987
2023-06-13 13:14:44,spec12,989
2023-06-13 13:14:44,spec13,992
2023-06-13 13:14:44,spec14,995
2023-06-13 13:14:44,spec15,999
2023-06-13 13:14:44,spec16,1003
2023-06-13 13:16:35,spec21,1006
2023-06-13 13:16:35,spec22,1003
2023-06-13 13:16:35,spec23,997
2023-06-13 13:16:35,spec24,991
2023-06-13 13:16:35,spec25,984
2023-06-13 13:16:35,spec20,1008
2023-06-13 13:16:35,spec10,985
2023-06-13 13:16:35,spec1,985
2023-06-13 13:16:35,spec2,983
2023-06-13 13:16:35,spec3,982
2023-06-13 13:16:35,spec4,981
2023-06-13 13:16:35,spec5,981
2023-06-13 13:16:35,spec6,982
2023-06-13 13:16:35,spec7,983
2023-06-13 13:16:35,spec8,983
2023-06-13 13:16:35,spec9,983
2023-06-13 13:16:35,spec11,987
2023-06-13 13:16:35,spec12,990
2023-06-13 13:16:35,spec13,993
2023-06-13 13:16:35,spec14,995
2023-06-13 13:16:35,spec15,998
2023-06-13 13:16:35,spec16,1001
2023-06-13 13:16:35,spec17,1004
2023-06-13 13:16:35,spec18,1007
2023-06-13 13:16:35,spec19,1008
2023-06-13 13:18:27,spec12,989
2023-06-13 13:18:27,spec23,997
2023-06-13 13:18:27,spec22,1003
2023-06-13 13:18:27,spec21,1006
2023-06-13 13:18:27,spec20,1008
2023-06-13 13:18:27,spec19,1009
2023-06-13 13:18:27,spec18,1008
2023-06-13 13:18:27,spec17,1006
2023-06-13 13:18:27,spec16,1004
2023-06-13 13:18:27,spec15,1001
2023-06-13 13:18:27,spec14,996
2023-06-13 13:18:27,spec13,992
2023-06-13 13:18:27,spec24,991
2023-06-13 13:18:27,spec11,987
2023-06-13 13:18:27,spec10,985
2023-06-13 13:18:27,spec9,983
2023-06-13 13:18:27,spec8,982
2023-06-13 13:18:27,spec7,982
2023-06-13 13:18:27,spec6,981
2023-06-13 13:18:27,spec5,980
2023-06-13 13:18:27,spec4,980
2023-06-13 13:18:27,spec3,981
2023-06-13 13:18:27,spec2,983
2023-06-13 13:18:27,spec1,985
2023-06-13 13:18:27,spec25,984
2023-06-13 13:20:19,spec18,1008
2023-06-13 13:20:19,spec19,1008
2023-06-13 13:20:19,spec20,1007
2023-06-13 13:20:19,spec21,1005
2023-06-13 13:20:19,spec22,1001
2023-06-13 13:20:19,spec23,997
2023-06-13 13:20:19,spec24,992
2023-06-13 13:20:19,spec25,985
2023-06-13 13:20:19,spec17,1005
2023-06-13 13:20:19,spec9,983
2023-06-13 13:20:19,spec1,983
2023-06-13 13:20:19,spec2,984
2023-06-13 13:20:19,spec3,984
2023-06-13 13:20:19,spec4,982
2023-06-13 13:20:19,spec5,980
2023-06-13 13:20:19,spec6,979
2023-06-13 13:20:19,spec7,979
2023-06-13 13:20:19,spec8,981
2023-06-13 13:20:19,spec10,984
2023-06-13 13:20:19,spec11,985
2023-06-13 13:20:19,spec12,987
2023-06-13 13:20:19,spec13,991
2023-06-13 13:20:19,spec14,994
2023-06-13 13:20:19,spec15,997
2023-06-13 13:20:19,spec16,1001
2023-06-13 13:22:10,spec16,1004
2023-06-13 13:22:10,spec1,983
2023-06-13 13:22:10,spec2,983
2023-06-13 13:22:10,spec3,982
2023-06-13 13:22:10,spec4,981
2023-06-13 13:22:10,spec5,980
2023-06-13 13:22:10,spec6,980
2023-06-13 13:22:10,spec7,981
2023-06-13 13:22:10,spec8,983
2023-06-13 13:22:10,spec9,984
2023-06-13 13:22:10,spec10,985
2023-06-13 13:22:10,spec11,987
2023-06-13 13:22:10,spec12,988
2023-06-13 13:22:10,spec13,990
2023-06-13 13:22:10,spec14,994
2023-06-13 13:22:10,spec15,999
2023-06-13 13:22:10,spec17,1007
2023-06-13 13:22:10,spec18,1008
2023-06-13 13:22:10,spec19,1008
2023-06-13 13:22:10,spec20,1008
2023-06-13 13:22:10,spec21,1007
2023-06-13 13:22:10,spec22,1003
2023-06-13 13:22:10,spec23,997
2023-06-13 13:22:10,spec24,990
2023-06-13 13:22:10,spec25,984
2023-06-13 13:24:02,spec9,984
2023-06-13 13:24:02,spec17,1005
2023-06-13 13:24:02,spec16,1002
2023-06-13 13:24:02,spec15,999
2023-06-13 13:24:02,spec14,995
2023-06-13 13:24:02,spec13,991
2023-06-13 13:24:02,spec12,988
2023-06-13 13:24:02,spec11,986
2023-06-13 13:24:02,spec10,985
2023-06-13 13:24:02,spec18,1007
2023-06-13 13:24:02,spec8,982
2023-06-13 13:24:02,spec7,980
2023-06-13 13:24:02,spec6,980
2023-06-13 13:24:02,spec5,981
2023-06-13 13:24:02,spec4,981
2023-06-13 13:24:02,spec3,982
2023-06-13 13:24:02,spec2,983
2023-06-13 13:24:02,spec1,984
2023-06-13 13:24:02,spec25,982
2023-06-13 13:24:02,spec24,988
2023-06-13 13:24:02,spec23,995
2023-06-13 13:24:02,spec22,1002
2023-06-13 13:24:02,spec21,1006
2023-06-13 13:24:02,spec20,1008
2023-06-13 13:24:02,spec19,1008
2023-06-13 13:25:54,spec16,1002
2023-06-13 13:25:54,spec25,983
2023-06-13 13:25:54,spec24,989
2023-06-13 13:25:54,spec23,995
2023-06-13 13:25:54,spec22,1001
2023-06-13 13:25:54,spec21,1005
2023-06-13 13:25:54,spec20,1008
2023-06-13 13:25:54,spec19,1008
2023-06-13 13:25:54,spec18,1007
2023-06-13 13:25:54,spec17,1005
2023-06-13 13:25:54,spec15,998
2023-06-13 13:25:54,spec14,994
2023-06-13 13:25:54,spec13,990
2023-06-13 13:25:54,spec12,988
2023-06-13 13:25:54,spec11,985
2023-06-13 13:25:54,spec10,983
2023-06-13 13:25:54,spec9,981
2023-06-13 13:25:54,spec8,980
2023-06-13 13:25:54,spec7,980
2023-06-13 13:25:54,spec6,979
2023-06-13 13:25:54,spec5,979
2023-06-13 13:25:54,spec4,979
2023-06-13 13:25:54,spec3,980
2023-06-13 13:25:54,spec2,982
2023-06-13 13:25:54,spec1,983
2023-06-13 13:27:45,spec18,1006
2023-06-13 13:27:45,spec19,1007
2023-06-13 13:27:45,spec20,1006
2023-06-13 13:27:45,spec21,1005
2023-06-13 13:27:45,spec22,1001
2023-06-13 13:27:45,spec23,996
2023-06-13 13:27:45,spec24,989
2023-06-13 13:27:45,spec25,982
2023-06-13 13:27:45,spec17,1004
2023-06-13 13:27:45,spec9,981
2023-06-13 13:27:45,spec1,982
2023-06-13 13:27:45,spec2,981
2023-06-13 13:27:45,spec3,981
2023-06-13 13:27:45,spec4,981
2023-06-13 13:27:45,spec5,980
2023-06-13 13:27:45,spec6,979
2023-06-13 13:27:45,spec7,979
2023-06-13 13:27:45,spec8,979
2023-06-13 13:27:45,spec10,983
2023-06-13 13:27:45,spec11,985
2023-06-13 13:27:45,spec12,987
2023-06-13 13:27:45,spec13,989
2023-06-13 13:27:45,spec14,992
2023-06-13 13:27:45,spec15,996
2023-06-13 13:27:45,spec16,1001
2023-06-13 13:29:37,spec25,981
2023-06-13 13:29:37,spec24,987
2023-06-13 13:29:37,spec12,986
2023-06-13 13:29:37,spec1,982
2023-06-13 13:29:37,spec2,980
2023-06-13 13:29:37,spec3,978
2023-06-13 13:29:37,spec4,978
2023-06-13 13:29:37,spec5,979
2023-06-13 13:29:37,spec6,979
2023-06-13 13:29:37,spec7,980
2023-06-13 13:29:37,spec8,980
2023-06-13 13:29:37,spec9,981
2023-06-13 13:29:37,spec10,982
2023-06-13 13:29:37,spec11,984
2023-06-13 13:29:37,spec13,989
2023-06-13 13:29:37,spec14,993
2023-06-13 13:29:37,spec15,997
2023-06-13 13:29:37,spec16,1000
2023-06-13 13:29:37,spec17,1002
2023-06-13 13:29:37,spec18,1004
2023-06-13 13:29:37,spec19,1005
2023-06-13 13:29:37,spec20,1005
2023-06-13 13:29:37,spec21,1004
2023-06-13 13:29:37,spec22,1000
2023-06-13 13:29:37,spec23,994
2023-06-13 13:31:29,spec13,988
2023-06-13 13:31:29,spec25,981
2023-06-13 13:31:29,spec24,988
2023-06-13 13:31:29,spec23,994
2023-06-13 13:31:29,spec22,999
2023-06-13 13:31:29,spec21,1003
2023-06-13 13:31:29,spec20,1005
2023-06-13 13:31:29,spec19,1006
2023-06-13 13:31:29,spec18,1005
2023-06-13 13:31:29,spec17,1003
2023-06-13 13:31:29,spec16,1000
2023-06-13 13:31:29,spec15,996
2023-06-13 13:31:29,spec14,992
2023-06-13 13:31:29,spec12,986
2023-06-13 13:31:29,spec11,984
2023-06-13 13:31:29,spec10,982
2023-06-13 13:31:29,spec9,979
2023-06-13 13:31:29,spec8,978
2023-06-13 13:31:29,spec7,977
2023-06-13 13:31:29,spec6,977
2023-06-13 13:31:29,spec5,978
2023-06-13 13:31:29,spec4,978
2023-06-13 13:31:29,spec3,979
2023-06-13 13:31:29,spec2,980
2023-06-13 13:31:29,spec1,982
2023-06-13 13:33:20,spec18,1005
2023-06-13 13:33:20,spec19,1006
2023-06-13 13:33:20,spec20,1005
2023-06-13 13:33:20,spec21,1002
2023-06-13 13:33:20,spec22,998
2023-06-13 13:33:20,spec23,993
2023-06-13 13:33:20,spec24,987
2023-06-13 13:33:20,spec25,981
2023-06-13 13:33:20,spec17,1003
2023-06-13 13:33:20,spec9,979
2023-06-13 13:33:20,spec1,982
2023-06-13 13:33:20,spec2,980
2023-06-13 13:33:20,spec3,978
2023-06-13 13:33:20,spec4,979
2023-06-13 13:33:20,spec5,979
2023-06-13 13:33:20,spec6,979
2023-06-13 13:33:20,spec7,978
2023-06-13 13:33:20,spec8,978
2023-06-13 13:33:20,spec10,981
2023-06-13 13:33:20,spec11,983
2023-06-13 13:33:20,spec12,986
2023-06-13 13:33:20,spec13,989
2023-06-13 13:33:20,spec14,992
2023-06-13 13:33:20,spec15,996
2023-06-13 13:33:20,spec16,1000
2023-06-13 13:35:12,spec12,985
2023-06-13 13:35:12,spec23,993
2023-06-13 13:35:12,spec22,999
2023-06-13 13:35:12,spec21,1003
2023-06-13 13:35:12,spec20,1005
2023-06-13 13:35:12,spec19,1005
2023-06-13 13:35:12,spec18,1004
2023-06-13 13:35:12,spec17,1003
2023-06-13 13:35:12,spec16,999
2023-06-13 13:35:12,spec15,995
2023-06-13 13:35:12,spec14,990
2023-06-13 13:35:12,spec13,986
2023-06-13 13:35:12,spec24,986
2023-06-13 13:35:12,spec11,983
2023-06-13 13:35:12,spec10,981
2023-06-13 13:35:12,spec9,979
2023-06-13 13:35:12,spec8,978
2023-06-13 13:35:12,spec7,977
2023-06-13 13:35:12,spec6,977
2023-06-13 13:35:12,spec5,977
2023-06-13 13:35:12,spec4,978
2023-06-13 13:35:12,spec3,979
2023-06-13 13:35:12,spec2,980
2023-06-13 13:35:12,spec1,981
2023-06-13 13:35:12,spec25,980
2023-06-13 13:37:04,spec10,982
2023-06-13 13:37:04,spec19,1004
2023-06-13 13:37:04,spec18,1004
2023-06-13 13:37:04,spec17,1003
2023-06-13 13:37:04,spec16,1000
2023-06-13 13:37:04,spec15,996
2023-06-13 13:37:04,spec14,992
2023-06-13 13:37:04,spec13,988
2023-06-13 13:37:04,spec12,986
2023-06-13 13:37:04,spec11,984
2023-06-13 13:37:04,spec20,1004
2023-06-13 13:37:04,spec9,981
2023-06-13 13:37:04,spec8,978
2023-06-13 13:37:04,spec7,977
2023-06-13 13:37:04,spec6,977
2023-06-13 13:37:04,spec5,978
2023-06-13 13:37:04,spec4,979
2023-06-13 13:37:04,spec3,979
2023-06-13 13:37:04,spec2,980
2023-06-13 13:37:04,spec1,981
2023-06-13 13:37:04,spec25,980
2023-06-13 13:37:04,spec24,987
2023-06-13 13:37:04,spec23,994
2023-06-13 13:37:04,spec22,999
2023-06-13 13:37:04,spec21,1002
2023-06-13 13:38:55,spec18,1003
2023-06-13 13:38:55,spec19,1004
2023-06-13 13:38:55,spec20,1004
2023-06-13 13:38:55,spec21,1001
2023-06-13 13:38:55,spec22,998
2023-06-13 13:38:55,spec23,993
2023-06-13 13:38:55,spec24,988
2023-06-13 13:38:55,spec25,981
2023-06-13 13:38:55,spec17,1001
2023-06-13 13:38:55,spec9,978
2023-06-13 13:38:55,spec1,981
2023-06-13 13:38:55,spec2,979
2023-06-13 13:38:55,spec3,977
2023-06-13 13:38:55,spec4,977
2023-06-13 13:38:55,spec5,977
2023-06-13 13:38:55,spec6,978
2023-06-13 13:38:55,spec7,978
2023-06-13 13:38:55,spec8,978
2023-06-13 13:38:55,spec10,979
2023-06-13 13:38:55,spec11,982
2023-06-13 13:38:55,spec12,986
2023-06-13 13:38:55,spec13,989
2023-06-13 13:38:55,spec14,993
2023-06-13 13:38:55,spec15,996
2023-06-13 13:38:55,spec16,999
2023-06-13 13:40:47,spec18,1006
2023-06-13 13:40:47,spec19,1008
2023-06-13 13:40:47,spec20,1008
2023-06-13 13:40:47,spec21,1005
2023-06-13 13:40:47,spec22,1000
2023-06-13 13:40:47,spec23,994
2023-06-13 13:40:47,spec24,988
2023-06-13 13:40:47,spec25,981
2023-06-13 13:40:47,spec17,1004
2023-06-13 13:40:47,spec9,980
2023-06-13 13:40:47,spec1,980
2023-06-13 13:40:47,spec2,980
2023-06-13 13:40:47,spec3,980
2023-06-13 13:40:47,spec4,979
2023-06-13 13:40:47,spec5,979
2023-06-13 13:40:47,spec6,978
2023-06-13 13:40:47,spec7,979
2023-06-13 13:40:47,spec8,979
2023-06-13 13:40:47,spec10,982
2023-06-13 13:40:47,spec11,985
2023-06-13 13:40:47,spec12,987
2023-06-13 13:40:47,spec13,990
2023-06-13 13:40:47,spec14,993
2023-06-13 13:40:47,spec15,997
2023-06-13 13:40:47,spec16,1001
2023-06-13 13:42:39,spec14,994
2023-06-13 13:42:39,spec1,982
2023-06-13 13:42:39,spec2,981
2023-06-13 13:42:39,spec3,980
2023-06-13 13:42:39,spec4,980
2023-06-13 13:42:39,spec5,980
2023-06-13 13:42:39,spec6,979
2023-06-13 13:42:39,spec7,979
2023-06-13 13:42:39,spec8,980
2023-06-13 13:42:39,spec9,981
2023-06-13 13:42:39,spec10,983
2023-06-13 13:42:39,spec11,985
2023-06-13 13:42:39,spec12,987
2023-06-13 13:42:39,spec13,990
2023-06-13 13:42:39,spec15,997
2023-06-13 13:42:39,spec16,1001
2023-06-13 13:42:39,spec17,1003
2023-06-13 13:42:39,spec18,1005
2023-06-13 13:42:39,spec19,1006
2023-06-13 13:42:39,spec20,1005
2023-06-13 13:42:39,spec21,1003
2023-06-13 13:42:39,spec22,1000
2023-06-13 13:42:39,spec23,994
2023-06-13 13:42:39,spec24,988
2023-06-13 13:42:39,spec25,983
2023-06-13 13:44:30,spec14,994
2023-06-13 13:44:30,spec25,982
2023-06-13 13:44:30,spec24,989
2023-06-13 13:44:30,spec23,996
2023-06-13 13:44:30,spec22,1001
2023-06-13 13:44:30,spec21,1005
2023-06-13 13:44:30,spec20,1007
2023-06-13 13:44:30,spec19,1007
2023-06-13 13:44:30,spec18,1006
2023-06-13 13:44:30,spec17,1004
2023-06-13 13:44:30,spec16,1001
2023-06-13 13:44:30,spec15,998
2023-06-13 13:44:30,spec13,990
2023-06-13 13:44:30,spec12,986
2023-06-13 13:44:30,spec11,984
2023-06-13 13:44:30,spec10,983
2023-06-13 13:44:30,spec9,983
2023-06-13 13:44:30,spec8,981
2023-06-13 13:44:30,spec7,979
2023-06-13 13:44:30,spec6,978
2023-06-13 13:44:30,spec5,978
2023-06-13 13:44:30,spec4,980
2023-06-13 13:44:30,spec3,981
2023-06-13 13:44:30,spec2,982
2023-06-13 13:44:30,spec1,982
2023-06-13 13:46:22,spec18,1006
2023-06-13 13:46:22,spec19,1006
2023-06-13 13:46:22,spec20,1005
2023-06-13 13:46:22,spec21,1004
2023-06-13 13:46:22,spec22,1001
2023-06-13 13:46:22,spec23,995
2023-06-13 13:46:22,spec24,988
2023-06-13 13:46:22,spec25,982
2023-06-13 13:46:22,spec17,1003
2023-06-13 13:46:22,spec9,981
2023-06-13 13:46:22,spec1,982
2023-06-13 13:46:22,spec2,981
2023-06-13 13:46:22,spec3,981
2023-06-13 13:46:22,spec4,979
2023-06-13 13:46:22,spec5,978
2023-06-13 13:46:22,spec6,978
2023-06-13 13:46:22,spec7,979
2023-06-13 13:46:22,spec8,980
2023-06-13 13:46:22,spec10,981
2023-06-13 13:46:22,spec11,983
2023-06-13 13:46:22,spec12,986
2023-06-13 13:46:22,spec13,989
2023-06-13 13:46:22,spec14,992
2023-06-13 13:46:22,spec15,995
2023-06-13 13:46:22,spec16,999
2023-06-13 13:48:14,spec16,1002
2023-06-13 13:48:14,spec25,983
2023-06-13 13:48:14,spec24,989
2023-06-13 13:48:14,spec23,995
2023-06-13 13:48:14,spec22,1000
2023-06-13 13:48:14,spec21,1004
2023-06-13 13:48:14,spec20,1006
2023-06-13 13:48:14,spec19,1008
2023-06-13 13:48:14,spec18,1008
2023-06-13 13:48:14,spec17,1006
2023-06-13 13:48:14,spec15,998
2023-06-13 13:48:14,spec14,994
2023-06-13 13:48:14,spec13,991
2023-06-13 13:48:14,spec12,987
2023-06-13 13:48:14,spec11,985
2023-06-13 13:48:14,spec10,983
2023-06-13 13:48:14,spec9,982
2023-06-13 13:48:14,spec8,981
2023-06-13 13:48:14,spec7,980
2023-06-13 13:48:14,spec6,980
2023-06-13 13:48:14,spec5,981
2023-06-13 13:48:14,spec4,980
2023-06-13 13:48:14,spec3,980
2023-06-13 13:48:14,spec2,981
2023-06-13 13:48:14,spec1,984
2023-06-13 13:50:06,spec11,985
2023-06-13 13:50:06,spec21,1004
2023-06-13 13:50:06,spec20,1005
2023-06-13 13:50:06,spec19,1006
2023-06-13 13:50:06,spec18,1006
2023-06-13 13:50:06,spec17,1004
2023-06-13 13:50:06,spec16,1001
2023-06-13 13:50:06,spec15,997
2023-06-13 13:50:06,spec14,992
2023-06-13 13:50:06,spec13,989
2023-06-13 13:50:06,spec12,986
2023-06-13 13:50:06,spec22,1001
2023-06-13 13:50:06,spec10,982
2023-06-13 13:50:06,spec9,981
2023-06-13 13:50:06,spec8,981
2023-06-13 13:50:06,spec7,981
2023-06-13 13:50:06,spec6,980
2023-06-13 13:50:06,spec5,979
2023-06-13 13:50:06,spec4,980
2023-06-13 13:50:06,spec3,981
2023-06-13 13:50:06,spec2,982
2023-06-13 13:50:06,spec1,983
2023-06-13 13:50:06,spec25,984
2023-06-13 13:50:06,spec24,990
2023-06-13 13:50:06,spec23,996
2023-06-13 13:51:57,spec18,1006
2023-06-13 13:51:57,spec19,1007
2023-06-13 13:51:57,spec20,1007
2023-06-13 13:51:57,spec21,1005
2023-06-13 13:51:57,spec22,1001
2023-06-13 13:51:57,spec23,996
2023-06-13 13:51:57,spec24,989
2023-06-13 13:51:57,spec25,982
2023-06-13 13:51:57,spec17,1005
2023-06-13 13:51:57,spec9,983
2023-06-13 13:51:57,spec1,984
2023-06-13 13:51:57,spec2,982
2023-06-13 13:51:57,spec3,981
2023-06-13 13:51:57,spec4,980
2023-06-13 13:51:57,spec5,980
2023-06-13 13:51:57,spec6,980
2023-06-13 13:51:57,spec7,980
2023-06-13 13:51:57,spec8,982
2023-06-13 13:51:57,spec10,983
2023-06-13 13:51:57,spec11,984
2023-06-13 13:51:57,spec12,986
2023-06-13 13:51:57,spec13,990
2023-06-13 13:51:57,spec14,995
2023-06-13 13:51:57,spec15,999
2023-06-13 13:51:57,spec16,1003
2023-06-13 13:53:49,spec16,1002
2023-06-13 13:53:49,spec17,1005
2023-06-13 13:53:49,spec18,1007
2023-06-13 13:53:49,spec19,1006
2023-06-13 13:53:49,spec20,1005
2023-06-13 13:53:49,spec21,1004
2023-06-13 13:53:49,spec22,1000
2023-06-13 13:53:49,spec23,995
2023-06-13 13:53:49,spec24,989
2023-06-13 13:53:49,spec25,983
2023-06-13 13:53:49,spec15,998
2023-06-13 13:53:49,spec14,994
2023-06-13 13:53:49,spec13,991
2023-06-13 13:53:49,spec12,988
2023-06-13 13:53:49,spec11,986
2023-06-13 13:53:49,spec10,984
2023-06-13 13:53:49,spec9,982
2023-06-13 13:53:49,spec8,980
2023-06-13 13:53:49,spec7,979
2023-06-13 13:53:49,spec6,979
2023-06-13 13:53:49,spec5,980
2023-06-13 13:53:49,spec4,980
2023-06-13 13:53:49,spec3,980
2023-06-13 13:53:49,spec2,981
2023-06-13 13:53:49,spec1,984
2023-06-13 13:55:41,spec16,1001
2023-06-13 13:55:41,spec1,980
2023-06-13 13:55:41,spec2,978
2023-06-13 13:55:41,spec3,978
2023-06-13 13:55:41,spec4,979
2023-06-13 13:55:41,spec5,979
2023-06-13 13:55:41,spec6,978
2023-06-13 13:55:41,spec7,977
2023-06-13 13:55:41,spec8,979
2023-06-13 13:55:41,spec9,981
2023-06-13 13:55:41,spec10,983
2023-06-13 13:55:41,spec11,984
2023-06-13 13:55:41,spec12,986
2023-06-13 13:55:41,spec13,989
2023-06-13 13:55:41,spec14,993
2023-06-13 13:55:41,spec15,997
2023-06-13 13:55:41,spec17,1002
2023-06-13 13:55:41,spec18,1004
2023-06-13 13:55:41,spec19,1006
2023-06-13 13:55:41,spec20,1006
2023-06-13 13:55:41,spec21,1004
2023-06-13 13:55:41,spec22,999
2023-06-13 13:55:41,spec23,993
2023-06-13 13:55:41,spec24,987
2023-06-13 13:55:41,spec25,981
2023-06-13 13:57:32,spec15,996
2023-06-13 13:57:32,spec25,982
2023-06-13 13:57:32,spec24,989
2023-06-13 13:57:32,spec23,995
2023-06-13 13:57:32,spec22,1001
2023-06-13 13:57:32,spec21,1004
2023-06-13 13:57:32,spec20,1006
2023-06-13 13:57:32,spec19,1007
2023-06-13 13:57:32,spec18,1006
2023-06-13 13:57:32,spec17,1003
2023-06-13 13:57:32,spec16,1000
2023-06-13 13:57:32,spec14,994
2023-06-13 13:57:32,spec13,991
2023-06-13 13:57:32,spec12,987
2023-06-13 13:57:32,spec11,984
2023-06-13 13:57:32,spec10,982
2023-06-13 13:57:32,spec9,981
2023-06-13 13:57:32,spec8,979
2023-06-13 13:57:32,spec7,978
2023-06-13 13:57:32,spec6,978
2023-06-13 13:57:32,spec5,979
2023-06-13 13:57:32,spec4,979
2023-06-13 13:57:32,spec3,979
2023-06-13 13:57:32,spec2,980
2023-06-13 13:57:32,spec1,983
2023-06-13 13:59:24,spec18,1007
2023-06-13 13:59:24,spec19,1007
2023-06-13 13:59:24,spec20,1006
2023-06-13 13:59:24,spec21,1004
2023-06-13 13:59:24,spec22,1001
2023-06-13 13:59:24,spec23,995
2023-06-13 13:59:24,spec24,988
2023-06-13 13:59:24,spec25,982
2023-06-13 13:59:24,spec17,1004
2023-06-13 13:59:24,spec9,980
2023-06-13 13:59:24,spec1,983
2023-06-13 13:59:24,spec2,980
2023-06-13 13:59:24,spec3,978
2023-06-13 13:59:24,spec4,977
2023-06-13 13:59:24,spec5,978
2023-06-13 13:59:24,spec6,978
2023-06-13 13:59:24,spec7,978
2023-06-13 13:59:24,spec8,979
2023-06-13 13:59:24,spec10,982
2023-06-13 13:59:24,spec11,984
2023-06-13 13:59:24,spec12,987
2023-06-13 13:59:24,spec13,990
2023-06-13 13:59:24,spec14,993
2023-06-13 13:59:24,spec15,996
2023-06-13 13:59:24,spec16,1000
2023-06-13 14:01:16,spec21,1005
2023-06-13 14:01:16,spec22,1000
2023-06-13 14:01:16,spec23,994
2023-06-13 14:01:16,spec24,988
2023-06-13 14:01:16,spec25,983
2023-06-13 14:01:16,spec20,1007
2023-06-13 14:01:16,spec10,982
2023-06-13 14:01:16,spec1,982
2023-06-13 14:01:16,spec2,981
2023-06-13 14:01:16,spec3,980
2023-06-13 14:01:16,spec4,979
2023-06-13 14:01:16,spec5,979
2023-06-13 14:01:16,spec6,978
2023-06-13 14:01:16,spec7,978
2023-06-13 14:01:16,spec8,980
2023-06-13 14:01:16,spec9,981
2023-06-13 14:01:16,spec11,984
2023-06-13 14:01:16,spec12,986
2023-06-13 14:01:16,spec13,990
2023-06-13 14:01:16,spec14,993
2023-06-13 14:01:16,spec15,997
2023-06-13 14:01:16,spec16,1000
2023-06-13 14:01:16,spec17,1004
2023-06-13 14:01:16,spec18,1007
2023-06-13 14:01:16,spec19,1008

